place_id,ja_kodas,verdict,auditor,audited_on,note,category,method_family,method,validation_status,usable,place_name,place_address,maps_uri,website,legal_name,registered_address,registry_page
ChIJ8Wz2XkiR3UYRtBcVshaSxCM,122850810,"","","","",auto,address_only,address_only,unverified,false,L. Kizinievičiaus įmonė,"Kolektyvo g. 32, Vilnius, 08314 Vilniaus m. sav.",https://maps.google.com/?cid=2577345512937428916&g_mp=Cilnb29nbGUubWFwcy5wbGFjZXMudjEuUGxhY2VzLlNlYXJjaE5lYXJieRACGAQgAA,,UAB L servisas,"Vilnius, Kolektyvo g. 32, LT-08314",https://www.registrucentras.lt/jar/p/dok.php?kod=122850810
ChIJeUts8_KX3UYRY1ZRSC5Nga4,124204464,"","","","",auto,address_only,address_only,unverified,false,Top Servisas,"Užtvankos g. 1, Vilnius, 11100 Vilniaus m. sav.",https://maps.google.com/?cid=12574416495772259939&g_mp=Cilnb29nbGUubWFwcy5wbGFjZXMudjEuUGxhY2VzLlNlYXJjaE5lYXJieRACGAQgAA,https://www.topservisas.lt/,"Uždaroji akcinė bendrovė ""AUTOREABILITACIJA""","Vilnius, Užtvankos g. 1, LT-11100",https://www.registrucentras.lt/jar/p/dok.php?kod=124204464
ChIJHf5AUgCR3UYR5pXZzzK1-_w,300805444,"","","","",auto,address_only,address_only,unverified,false,upės g 5 vilnius,"Laisvės pr. 137, Vilnius, 06118 Vilniaus m. sav.",https://maps.google.com/?cid=18229363146552350182&g_mp=Cilnb29nbGUubWFwcy5wbGFjZXMudjEuUGxhY2VzLlNlYXJjaE5lYXJieRACGAQgAA,,"UAB ""Inchcape Motors""","Vilnius, Laisvės pr. 137, LT-06118",https://www.registrucentras.lt/jar/p/dok.php?kod=300805444
ChIJ9xpqgHKU3UYRITD0QFictVk,125859476,"","","","",auto,core_name,name_part+address,unverified,false,Bosch Car Service - Kemi Service,"Švitrigailos g. 16a, 03223 Vilnius",https://maps.google.com/?cid=6464244743021015073&g_mp=Cilnb29nbGUubWFwcy5wbGFjZXMudjEuUGxhY2VzLlNlYXJjaE5lYXJieRACGAQgAA,https://www.kemi.lt/,"UAB ""KEMI SERVICE""","Vilnius, Švitrigailos g. 16A, LT-03223",https://www.registrucentras.lt/jar/p/dok.php?kod=125859476
ChIJP90ZLdmT3UYRzv7xyivAvXo,307209233,"","","","",auto,core_name,core_name+activity,confirmed,true,UAB MEGAPLIUS Autoservisas,"Vaduvos g. 2A, 02304 Vilnius",https://maps.google.com/?cid=8844436537546505934&g_mp=Cilnb29nbGUubWFwcy5wbGFjZXMudjEuUGxhY2VzLlNlYXJjaE5lYXJieRACGAQgAA,http://megaplius.lt/,UAB MEGAPLIUS,"Vilnius, Viršuliškių skg. 38, LT-05132",https://www.registrucentras.lt/jar/p/dok.php?kod=307209233
ChIJN079soaV3UYRfdFEb3vUPRs,305365479,"","","","",auto,core_name,core_name+activity,unverified,false,"""Kėbulas Plius"" automobilių kėbulų remontas","Liepsnos g. 2, 03154 Vilnius",https://maps.google.com/?cid=1962958639216251261&g_mp=Cilnb29nbGUubWFwcy5wbGFjZXMudjEuUGxhY2VzLlNlYXJjaE5lYXJieRACGAQgAA,http://www.kebulasplius.lt/,"UAB ""Kėbulas plius""","Vilnius, Ukmergės g. 306-18, LT-12102",https://www.registrucentras.lt/jar/p/dok.php?kod=305365479
ChIJQ53SwxiT3UYR2RKuqzeFcxU,126386371,"","","","",auto,exact_name,exact_name,unverified,true,VAPC,"Gariūnų g. 49, 02242 Vilnius",https://maps.google.com/?cid=1545725571268219609&g_mp=Cilnb29nbGUubWFwcy5wbGFjZXMudjEuUGxhY2VzLlNlYXJjaE5lYXJieRACGAQgAA,https://autoplius.lt/vapc,"Uždaroji akcinė bendrovė ""VAPC""","Vilniaus r. sav., Rudaminos sen., Rudaminos k., Vingių g. 4, LT-13247",https://www.registrucentras.lt/jar/p/dok.php?kod=126386371
ChIJ5xD0PgCU3UYRNRMaoG0STpo,300073909,"","","","",auto,exact_name,exact_name,unverified,true,Autodena,"Eišiškių pl. 25A, 02184 Vilnius",https://maps.google.com/?cid=11118844792071131957&g_mp=Cilnb29nbGUubWFwcy5wbGFjZXMudjEuUGxhY2VzLlNlYXJjaE5lYXJieRACGAQgAA,http://www.autodena.lt/,"UAB ""AUTODENA""","Rokiškio r. sav., Rokiškio kaimiškoji sen., Žiobiškio k., Jaunystės g. 8, LT-42411",https://www.registrucentras.lt/jar/p/dok.php?kod=300073909
ChIJO5uOVazt3UYRAlio25ng1_8,302703648,"","","","",auto,exact_name,exact_name,unverified,true,UAB Autoverslo sunkvežimių servisas,"Ugniagesių g. 14, 02244 Vilnius",https://maps.google.com/?cid=18435450551084275714&g_mp=Cilnb29nbGUubWFwcy5wbGFjZXMudjEuUGxhY2VzLlNlYXJjaE5lYXJieRACGAQgAA,https://nevaziuoja.lt/autoservisas/av-servisas-1379?book-now=true,"UAB ""Autoverslo sunkvežimių servisas""","Vilnius, Ugniagesių g. 14, LT-02244",https://www.registrucentras.lt/jar/p/dok.php?kod=302703648
ChIJJ8uHyWWX3UYRu0HlCVdgD8s,122538045,"","","","",auto,fallback_brand,fallback:job_ads+website,confirmed,true,PRO BRO Express plovykla,"Kareivių g. 12A, 09117 Vilnius",https://maps.google.com/?cid=14632019641294471611&g_mp=Cilnb29nbGUubWFwcy5wbGFjZXMudjEuUGxhY2VzLlNlYXJjaE5lYXJieRACGAQgAA,https://probroexpress.com/lt,"UAB ""Švaros broliai""","Vilnius, Senosios Pilaitės kel. 7, LT-06229",https://www.registrucentras.lt/jar/p/dok.php?kod=122538045
ChIJBQcGefSR3UYR0J_Tmjhv204,303251135,"","","","",auto,fallback_brand,fallback:trademark,brand_level_only,false,H2Auto,"Ukmergės g. 212b, 07156 Vilnius",https://maps.google.com/?cid=5682257643764424656&g_mp=Cilnb29nbGUubWFwcy5wbGFjZXMudjEuUGxhY2VzLlNlYXJjaE5lYXJieRACGAQgAA,http://h2auto.lt/,"UAB ""Delca invest""","Marijampolės sav., Marijampolės sen., Aleksandravo k., Gėlyno g. 10, LT-68100",https://www.registrucentras.lt/jar/p/dok.php?kod=303251135
ChIJg8ZEJ_KU3UYRT_m9ivZ3wlo,300594634,"","","","",auto,fallback_brand,fallback:job_ads+primary_candidate+serp,confirmed,true,Inter Cars Lietuva parduotuvė,"Eišiškių pl. 8, 02184 Vilnius",https://maps.google.com/?cid=6539921509668747599&g_mp=Cilnb29nbGUubWFwcy5wbGFjZXMudjEuUGxhY2VzLlNlYXJjaE5lYXJieRACGAQgAA,http://www.intercars.lt/,"Uždaroji akcinė bendrovė ""Inter Cars Lietuva""","Vilnius, Titnago g. 6, LT-02300",https://www.registrucentras.lt/jar/p/dok.php?kod=300594634
ChIJiR412XGV3UYRODSEcNWQj58,302937220,"","","","",auto,fallback_other,fallback:listing_url+primary_candidate,single_source,false,Motto Vilkai,"Kauno g. 36, 03202 Vilnius",https://maps.google.com/?cid=11497567620090311736&g_mp=Cilnb29nbGUubWFwcy5wbGFjZXMudjEuUGxhY2VzLlNlYXJjaE5lYXJieRACGAQgAA,https://rekvizitai.vz.lt/imone/motto_vilkai/,"MB ""Motto vilkai""","Vilnius, Kryžiokų g. 498, LT-08422",https://www.registrucentras.lt/jar/p/dok.php?kod=302937220
ChIJm8riOxWR3UYRKSqPiqZQEDI,305465611,"","","","",auto,fallback_other,fallback:serp,single_source,false,Ozo padangos,"Verkių g. 50, 08221 Vilnius",https://maps.google.com/?cid=3607471977743198761&g_mp=Cilnb29nbGUubWFwcy5wbGFjZXMudjEuUGxhY2VzLlNlYXJjaE5lYXJieRACGAQgAA,http://www.ozopadangos.lt/,"UAB ""Ozo ratai""","Vilnius, Virbeliškių g. 5-43, LT-05268",https://www.registrucentras.lt/jar/p/dok.php?kod=305465611
ChIJC8ibiKGR3UYRxoT4pgKLtWI,303195932,"","","","",auto,fallback_other,fallback:listing_url+primary_candidate,single_source,false,Dignitas,"Perkūnkiemio g. 9a, 12111 Vilnius",https://maps.google.com/?cid=7112744030009066694&g_mp=Cilnb29nbGUubWFwcy5wbGFjZXMudjEuUGxhY2VzLlNlYXJjaE5lYXJieRACGAQgAA,https://rekvizitai.vz.lt/imone/dignitas_uab/,"UAB ""Dignitas""","Vilnius, Perkūnkiemio g. 13-91, LT-12114",https://www.registrucentras.lt/jar/p/dok.php?kod=303195932
ChIJAQCwSHGU3UYRtMEnwz3Hld4,300137735,"","","","",auto,fallback_website,fallback:website,brand_site_code,false,Carglass,"Savanorių pr.16, Kedrų g. 2A, 03159 Vilnius",https://maps.google.com/?cid=16038944716030984628&g_mp=Cilnb29nbGUubWFwcy5wbGFjZXMudjEuUGxhY2VzLlNlYXJjaE5lYXJieRACGAQgAA,https://carglass.lt/,"UAB ""EUROGLASS""","Vilniaus r. sav., Avižienių sen., Bukiškio k., Ukmergės g. 427, LT-14183",https://www.registrucentras.lt/jar/p/dok.php?kod=300137735
ChIJp3hJW7qV3UYRwh2eQIq9jOs,302765379,"","","","",auto,fallback_website,fallback:website,single_source,false,"DIGAMA, UAB","Dariaus ir Girėno g. 149, 02189 Vilnius",https://maps.google.com/?cid=16973149497139797442&g_mp=Cilnb29nbGUubWFwcy5wbGFjZXMudjEuUGxhY2VzLlNlYXJjaE5lYXJieRACGAQgAA,http://digama.lt/,"UAB ""DIGAMA""","Vilniaus r. sav., Sudervės sen., Sudervės k., Maišiagalos g. 15, LT-14201",https://www.registrucentras.lt/jar/p/dok.php?kod=302765379
ChIJsVKL4fGV3UYRn69D0uxGdQE,305915670,"","","","",auto,fallback_website,fallback:website,brand_site_code,false,"Hocus automobilių švaros centras ""Savanoriai""","Savanorių pr. 176F, 03154 Vilnius",https://maps.google.com/?cid=105068149266952095&g_mp=Cilnb29nbGUubWFwcy5wbGFjZXMudjEuUGxhY2VzLlNlYXJjaE5lYXJieRACGAQgAA,https://hocus.lt/,"4Cars, UAB","Vilnius, Senosios Pilaitės kel. 7, LT-06229",https://www.registrucentras.lt/jar/p/dok.php?kod=305915670
ChIJE6eA7SGR3UYRuHZa_sDqxLE,302602510,"","","","",hair_beauty,address_only,address_only,unverified,false,L'amour,"Braškių g. 2C, 08415 Vilnius",https://maps.google.com/?cid=12809621354770495160&g_mp=Cilnb29nbGUubWFwcy5wbGFjZXMudjEuUGxhY2VzLlNlYXJjaE5lYXJieRACGAQgAA,https://grozionamai.lt/in/grozio-salonas-lamour-zirmunu,"UAB ""BOVLAD""","Vilnius, Braškių g. 2C, LT-08415",https://www.registrucentras.lt/jar/p/dok.php?kod=302602510
ChIJWYRNvAKU3UYRAUQEtpuafFI,123491627,"","","","",hair_beauty,address_only,address_only,unverified,false,L. Škamerda,"Rinktinės g. 33, 09203 Vilnius",https://maps.google.com/?cid=5943795601786553345&g_mp=Cilnb29nbGUubWFwcy5wbGFjZXMudjEuUGxhY2VzLlNlYXJjaE5lYXJieRACGAQgAA,,Individuali įmonė,"Vilnius, Rinktinės g. 33-10, LT-09203",https://www.registrucentras.lt/jar/p/dok.php?kod=123491627
ChIJ27-hIqKS3UYR8AQAzywoLII,181610350,"","","","",hair_beauty,address_only,address_only,unverified,false,J. Drozd įmonė,"Kovo 11-osios g. 32, 01001 Vilnius",https://maps.google.com/?cid=9379916296822457584&g_mp=Cilnb29nbGUubWFwcy5wbGFjZXMudjEuUGxhY2VzLlNlYXJjaE5lYXJieRACGAQgAA,,Individuali įmonė,"Vilniaus m. sav., Grigiškių m., Kovo 11-osios g. 32-4, LT-27107",https://www.registrucentras.lt/jar/p/dok.php?kod=181610350
ChIJZY3sJWuU3UYRU4EEM3q1w-0,110887078,"","","","",hair_beauty,core_name,name_part+address,unverified,false,"Serenada, Anverika","Pylimo g. 37, 01136 Vilnius",https://maps.google.com/?cid=17132736943894069587&g_mp=Cilnb29nbGUubWFwcy5wbGFjZXMudjEuUGxhY2VzLlNlYXJjaE5lYXJieRACGAQgAA,https://rekvizitai.vz.lt/imone/serenada_anverika_grozio_salonas/,"UAB ""Anverika""","Vilnius, Pylimo g. 37-2, LT-01308",https://www.registrucentras.lt/jar/p/dok.php?kod=110887078
ChIJaTrknxOX3UYRn7QUftC31hg,305283473,"","","","",hair_beauty,core_name,core_name+activity,conflict,false,Studija “Meilė Sau”,"V. Grybo g. 17-137, Vilnius, 10318 Vilniaus m. sav.",https://maps.google.com/?cid=1789820008022717599&g_mp=Cilnb29nbGUubWFwcy5wbGFjZXMudjEuUGxhY2VzLlNlYXJjaE5lYXJieRACGAQgAA,https://meilesau.com/,"Mažoji bendrija ""Meilė sau""","Vilnius, Eišiškių pl. 47-307, LT-02184",https://www.registrucentras.lt/jar/p/dok.php?kod=305283473
ChIJL2MOKXOT3UYRLlYbdQ3yWos,304175231,"","","","",hair_beauty,core_name,core_name+address,unverified,true,EGOIST barbershop,"Sėlių g. 10, 08106 Vilnius",https://maps.google.com/?cid=10041604458789164590&g_mp=Cilnb29nbGUubWFwcy5wbGFjZXMudjEuUGxhY2VzLlNlYXJjaE5lYXJieRACGAQgAA,http://www.egoist.lt/,"UAB ""EGOIST LT""","Vilnius, Sėlių g. 10-100, LT-08124",https://www.registrucentras.lt/jar/p/dok.php?kod=304175231
ChIJH307hkCV3UYRol79FRHYI4w,304755946,"","","","",hair_beauty,exact_name,exact_name,confirmed,true,UAB Koloristika,"J. Basanavičiaus g. 19, 03108 Vilnius",https://maps.google.com/?cid=10098152357389754018&g_mp=Cilnb29nbGUubWFwcy5wbGFjZXMudjEuUGxhY2VzLlNlYXJjaE5lYXJieRACGAQgAA,http://www.hairconcept.lt/,"UAB ""Koloristika""","Vilnius, A. Jakšto g. 9, LT-01105",https://www.registrucentras.lt/jar/p/dok.php?kod=304755946
ChIJA4HvzV-R3UYRSo3iWyC54lE,306822831,"","","","",hair_beauty,exact_name,exact_name,unverified,true,Grožio salonas - Kirpykla,"Dūkštų g. 11A, Vilnius, 07178 Vilniaus m. sav.",https://maps.google.com/?cid=5900482010440437066&g_mp=Cilnb29nbGUubWFwcy5wbGFjZXMudjEuUGxhY2VzLlNlYXJjaE5lYXJieRACGAQgAA,https://www.118.lt/imones/torvita-ir-ko-s-staponkaus-imones-kirpykla/1622222,UAB Andomi,"Vilnius, Viršuliškių g. 71-4, LT-05122",https://www.registrucentras.lt/jar/p/dok.php?kod=306822831
ChIJoVFhHtyT3UYR2FMKLxYSz-k,304638284,"","","","",hair_beauty,exact_name,exact_name,unverified,true,Lavesa,"Viršuliškių g. 83-1, 05113 Vilnius",https://maps.google.com/?cid=16847704617504101336&g_mp=Cilnb29nbGUubWFwcy5wbGFjZXMudjEuUGxhY2VzLlNlYXJjaE5lYXJieRACGAQgAA,http://lavesa.lt/,"UAB ""Lavesa""","Vilnius, Viršuliškių g. 83-1, LT-05113",https://www.registrucentras.lt/jar/p/dok.php?kod=304638284
ChIJEXWsCw2U3UYRFI-09I6xToE,124283561,"","","","",hair_beauty,fallback_brand,fallback:primary_candidate+trademark,brand_level_only,false,Yumi,"K. Kalinausko g. 24, 03107 Vilnius",https://maps.google.com/?cid=9317579906625081108&g_mp=Cilnb29nbGUubWFwcy5wbGFjZXMudjEuUGxhY2VzLlNlYXJjaE5lYXJieRACGAQgAA,https://www.facebook.com/groziosalonasyumi,"Uždaroji akcinė bendrovė ""PERFORMA""","Vilnius, K. Kalinausko g. 24, LT-03107",https://www.registrucentras.lt/jar/p/dok.php?kod=124283561
ChIJh-lY1R6V3UYRu1kaeR0w0mQ,306016199,"","","","",hair_beauty,fallback_brand,fallback:trademark+website,confirmed,true,Synth,"Pamėnkalnio g. 3-1, 01116 Vilnius",https://maps.google.com/?cid=7264922052045986235&g_mp=Cilnb29nbGUubWFwcy5wbGFjZXMudjEuUGxhY2VzLlNlYXJjaE5lYXJieRACGAQgAA,https://www.synth.lt/,MB Šilaika,"Vilnius, Krakiškių g. 15-1, LT-08471",https://www.registrucentras.lt/jar/p/dok.php?kod=306016199
ChIJrZZt7umV3UYRuLeonae_adg,304936195,"","","","",hair_beauty,fallback_brand,fallback:trademark,brand_level_only,false,Brutal Barber,"Gedimino pr. 47, 01109 Vilnius",https://maps.google.com/?cid=15594205911372576696&g_mp=Cilnb29nbGUubWFwcy5wbGFjZXMudjEuUGxhY2VzLlNlYXJjaE5lYXJieRACGAQgAA,http://www.brutalbarber.lt/,"MB ""Barzdų pasaulis""","Vilnius, V. Nagevičiaus g. 3, LT-08237",https://www.registrucentras.lt/jar/p/dok.php?kod=304936195
ChIJq_v8rnCR3UYRlT2MSbg4Ok4,125519737,"","","","",hair_beauty,fallback_other,fallback:listing_url+primary_candidate,single_source,false,Alsurtė,"Žemynos g. 2, 06135 Vilnius",https://maps.google.com/?cid=5636880247766662549&g_mp=Cilnb29nbGUubWFwcy5wbGFjZXMudjEuUGxhY2VzLlNlYXJjaE5lYXJieRACGAQgAA,https://rekvizitai.vz.lt/imone/alsurte/,"Uždaroji akcinė bendrovė ""ALSURTĖ""","Vilnius, Žemynos g. 2B, LT-06135",https://www.registrucentras.lt/jar/p/dok.php?kod=125519737
ChIJq1raZnKU3UYRDdk1dtDERqs,123951449,"","","","",hair_beauty,fallback_other,fallback:listing_url+primary_candidate,single_source,false,Auksinė lagūna,"T. Ševčenkos g. 16, 03111 Vilnius",https://maps.google.com/?cid=12341768228470905101&g_mp=Cilnb29nbGUubWFwcy5wbGFjZXMudjEuUGxhY2VzLlNlYXJjaE5lYXJieRACGAQgAA,https://rekvizitai.vz.lt/imone/auksine_laguna/,"Uždaroji akcinė bendrovė ""AUKSINĖ LAGŪNA""","Vilnius, T. Ševčenkos g. 16A, LT-03111",https://www.registrucentras.lt/jar/p/dok.php?kod=123951449
ChIJh6iRW9WV3UYRVz9I_IuE9-8,125355686,"","","","",hair_beauty,fallback_website,fallback:website,brand_site_code,false,Vizija grožio salonas,"Savanorių pr. 31, Vilnius, 04301 Vilniaus m. sav.",https://maps.google.com/?cid=17291435031080222551&g_mp=Cilnb29nbGUubWFwcy5wbGFjZXMudjEuUGxhY2VzLlNlYXJjaE5lYXJieRACGAQgAA,https://www.vizijasalonas.lt/,"UAB ""ROJUMIS""","Vilnius, Žirmūnų g. 136-2, LT-09127",https://www.registrucentras.lt/jar/p/dok.php?kod=125355686
ChIJtcrygGKJ0isRltW8EI1KyXs,306128091,"","","","",hair_beauty,fallback_website,fallback:primary_candidate+website,single_source,false,Grožio namai Doville,"Gabijos g. 32-101, 06158 Vilnius",https://maps.google.com/?cid=8919742506715633046&g_mp=Cilnb29nbGUubWFwcy5wbGFjZXMudjEuUGxhY2VzLlNlYXJjaE5lYXJieRACGAQgAA,https://www.doville.lt/,"MB Grožio namai ""Doville""","Vilnius, Pikutiškių g. 44, LT-12151",https://www.registrucentras.lt/jar/p/dok.php?kod=306128091
ChIJ--MRd8CV3UYRFaLSVYWyrdM,125355686,"","","","",hair_beauty,fallback_website,fallback:website,brand_site_code,false,Vizija grožio salonas,"Savanorių pr. 25A, 03126 Vilnius",https://maps.google.com/?cid=15253043798713999893&g_mp=Cilnb29nbGUubWFwcy5wbGFjZXMudjEuUGxhY2VzLlNlYXJjaE5lYXJieRACGAQgAA,http://vizijasalonas.lt/,"UAB ""ROJUMIS""","Vilnius, Žirmūnų g. 136-2, LT-09127",https://www.registrucentras.lt/jar/p/dok.php?kod=125355686
ChIJrWlyQbmV3UYRCD-Qbv7qKo8,304912874,"","","","",nightlife,address_only,address_only,unverified,false,4Play,"Vilniaus g. 12, 01402 Vilnius",https://maps.google.com/?cid=10316316274943082248&g_mp=Cilnb29nbGUubWFwcy5wbGFjZXMudjEuUGxhY2VzLlNlYXJjaE5lYXJieRACGAQgAA,https://www.4play.lt/,"UAB ""Doriantas""","Vilnius, Vilniaus g. 12, LT-01402",https://www.registrucentras.lt/jar/p/dok.php?kod=304912874
ChIJKRU1EQCV3UYRcBo48hJN9UI,302422633,"","","","",nightlife,address_only,address_only,confirmed,true,Super tanie jedzenie,"V. Šopeno g. 3, Vilnius, 01314 Vilniaus m. sav.",https://maps.google.com/?cid=4824847319565867632&g_mp=Cilnb29nbGUubWFwcy5wbGFjZXMudjEuUGxhY2VzLlNlYXJjaE5lYXJieRACGAQgAA,,"""Euro kavinė"", UAB","Vilnius, V. Šopeno g. 3, LT-01313",https://www.registrucentras.lt/jar/p/dok.php?kod=302422633
ChIJjR9iQWmV3UYRgOYOunPmsPM,304420517,"","","","",nightlife,address_only,address_only,confirmed,true,Gastrobaras Rūsio Aidai,"Savičiaus g. 10, 01105 Vilnius",https://maps.google.com/?cid=17559788331834730112&g_mp=Cilnb29nbGUubWFwcy5wbGFjZXMudjEuUGxhY2VzLlNlYXJjaE5lYXJieRACGAQgAA,https://www.facebook.com/rusioaidai,"UAB ""Stama""","Vilnius, Savičiaus g. 10-8, LT-01127",https://www.registrucentras.lt/jar/p/dok.php?kod=304420517
ChIJSxGAmQ6V3UYRcBT7aAqc_Rc,301053667,"","","","",nightlife,core_name,core_name+address,conflict,false,Artefaktai Cocktail Club,"Trakų g. 16, 01132 Vilnius",https://maps.google.com/?cid=1728709400505029744&g_mp=Cilnb29nbGUubWFwcy5wbGFjZXMudjEuUGxhY2VzLlNlYXJjaE5lYXJieRACGAQgAA,,"UAB ""ARTACO""","Vilnius, Trakų g. 16-2, LT-01132",https://www.registrucentras.lt/jar/p/dok.php?kod=301053667
ChIJoeKoWHyR3UYRf5Xjb5X79rI,122650877,"","","","",nightlife,core_name,core_name+address,unverified,true,Baras Justiniškės,"Justiniškių g. 91, 05253 Vilnius",https://maps.google.com/?cid=12895771202267878783&g_mp=Cilnb29nbGUubWFwcy5wbGFjZXMudjEuUGxhY2VzLlNlYXJjaE5lYXJieRACGAQgAA,,"Uždaroji akcinė bendrovė ""JUSTINIŠKĖS""","Vilnius, Justiniškių g. 91, LT-05253",https://www.registrucentras.lt/jar/p/dok.php?kod=122650877
ChIJldy0UBWU3UYRa441gQZmf-Y,302444042,"","","","",nightlife,core_name,core_name+address,conflict,false,BIX Baras,"Etmonų g. 6, 01129 Vilnius",https://maps.google.com/?cid=16609106128889286251&g_mp=Cilnb29nbGUubWFwcy5wbGFjZXMudjEuUGxhY2VzLlNlYXJjaE5lYXJieRACGAQgAA,http://www.bix.lt/,"UAB ""Artistai""","Vilnius, Etmonų g. 6, LT-01305",https://www.registrucentras.lt/jar/p/dok.php?kod=302444042
ChIJReycFACV3UYRggdGJZq2Jck,304914918,"","","","",nightlife,exact_name,exact_name,unverified,true,Girta Bite,"Gedimino pr. 5, Vilnius, 01103 Vilniaus m. sav.",https://maps.google.com/?cid=14494191748928374658&g_mp=Cilnb29nbGUubWFwcy5wbGFjZXMudjEuUGxhY2VzLlNlYXJjaE5lYXJieRACGAQgAA,,"UAB ""Girta bitė""","Vilnius, Naugarduko g. 14-6A, LT-03225",https://www.registrucentras.lt/jar/p/dok.php?kod=304914918
ChIJQ5hP9emV3UYR7mPghDyB7OU,306338339,"","","","",nightlife,exact_name,exact_name,conflict,false,Vištidė,"Raugyklos g. 3-13, 01140 Vilnius",https://maps.google.com/?cid=16567759226116531182&g_mp=Cilnb29nbGUubWFwcy5wbGFjZXMudjEuUGxhY2VzLlNlYXJjaE5lYXJieRACGAQgAA,,"UAB ""Vištidė""","Vilnius, Raugyklos g. 3-13, LT-01140",https://www.registrucentras.lt/jar/p/dok.php?kod=306338339
ChIJycyLCreW3UYROUwtkkAOrjw,120758249,"","","","",nightlife,exact_name,exact_name,confirmed,true,Laimos Smuklė,"Žirmūnų g. 68A, 09124 Vilnius",https://maps.google.com/?cid=4372447958716468281&g_mp=Cilnb29nbGUubWFwcy5wbGFjZXMudjEuUGxhY2VzLlNlYXJjaE5lYXJieRACGAQgAA,http://laimossmukle.lt/Apie-mus-817.html,"UAB ""Laimos smuklė""","Vilnius, Žirmūnų g. 17-85, LT-09104",https://www.registrucentras.lt/jar/p/dok.php?kod=120758249
ChIJSwsOL0iV3UYRaDUWTd6OqPc,305406666,"","","","",nightlife,fallback_brand,fallback:job_ads+trademark+vmvt,confirmed,true,Dirigentai Pub,"Vilniaus g. 22A, 01402 Vilnius",https://maps.google.com/?cid=17845670608882775400&g_mp=Cilnb29nbGUubWFwcy5wbGFjZXMudjEuUGxhY2VzLlNlYXJjaE5lYXJieRACGAQgAA,,"UAB ""Barų verslas""","Vilnius, Vilniaus g. 22-4, LT-01402",https://www.registrucentras.lt/jar/p/dok.php?kod=305406666
ChIJV-O60ROU3UYRMy7nOA3VNl8,302899410,"","","","",nightlife,fallback_brand,fallback:job_ads,brand_level_only,false,The Bubbles. Champagneria,"Vilniaus g. 35, Vilnius, 01402 Vilniaus m. sav.",https://maps.google.com/?cid=6860905335111495219&g_mp=Cilnb29nbGUubWFwcy5wbGFjZXMudjEuUGxhY2VzLlNlYXJjaE5lYXJieRACGAQgAA,https://www.facebook.com/bubbles.champagneria/,"MB ""TORRINIJA""","Vilnius, Z. Sierakausko g. 23-5A, LT-03105",https://www.registrucentras.lt/jar/p/dok.php?kod=302899410
ChIJ233gOfuU3UYRqiyt-BUxHjw,110796493,"","","","",nightlife,fallback_brand,fallback:job_ads,brand_level_only,false,Švyturys,"Rodūnios kl. 10A, 02189 Vilnius",https://maps.google.com/?cid=4331953862013168810&g_mp=Cilnb29nbGUubWFwcy5wbGFjZXMudjEuUGxhY2VzLlNlYXJjaE5lYXJieRACGAQgAA,,"UAB ""ŠVYTURYS-UTENOS ALUS""","Utena, Pramonės g. 12, LT-28216",https://www.registrucentras.lt/jar/p/dok.php?kod=110796493
ChIJM4NhT_uV3UYRP4aOGfWyMUQ,304618417,"","","","",nightlife,fallback_other,fallback:serp,single_source,false,Youngs' Club,"Pylimo g. 58, 01136 Vilnius",https://maps.google.com/?cid=4913905434203424319&g_mp=Cilnb29nbGUubWFwcy5wbGFjZXMudjEuUGxhY2VzLlNlYXJjaE5lYXJieRACGAQgAA,https://facebook.com/YoungsClubVilnius/,"UAB ""Euruna""","Vilnius, Kaukysos g. 18-319, LT-11342",https://www.registrucentras.lt/jar/p/dok.php?kod=304618417
ChIJPUa1gxGU3UYRS2jMrxukLqw,302613108,"","","","",nightlife,fallback_premises,fallback:vmvt,single_source,true,Gringo pub,"Vilniaus g. 31, 01402 Vilnius",https://maps.google.com/?cid=12407034462272776267&g_mp=Cilnb29nbGUubWFwcy5wbGFjZXMudjEuUGxhY2VzLlNlYXJjaE5lYXJieRACGAQgAA,https://www.facebook.com/gringopub/,UAB City pint,"Vilnius, J. Jasinskio g. 14A-48, LT-01112",https://www.registrucentras.lt/jar/p/dok.php?kod=302613108
ChIJZ1ZhbhOU3UYRIHAi8RSu4hw,141829589,"","","","",nightlife,fallback_premises,fallback:primary_candidate+vmvt,single_source,true,Pabo Latino,"Trakų g. 3, 01132 Vilnius",https://maps.google.com/?cid=2081417382766735392&g_mp=Cilnb29nbGUubWFwcy5wbGFjZXMudjEuUGxhY2VzLlNlYXJjaE5lYXJieRACGAQgAA,http://pabolatino.lt/,"UAB ""Pramogų projektai""","Vilnius, Trakų g. 3, LT-01132",https://www.registrucentras.lt/jar/p/dok.php?kod=141829589
ChIJ24rdIVWV3UYRU6j4U7djA1g,111733421,"","","","",nightlife,fallback_premises,fallback:vmvt,single_source,true,OlyBar,"Gedimino pr. 21-2, 01103 Vilnius",https://maps.google.com/?cid=6342022339306760275&g_mp=Cilnb29nbGUubWFwcy5wbGFjZXMudjEuUGxhY2VzLlNlYXJjaE5lYXJieRACGAQgAA,,"UAB ""MECOM GRUPP""","Vilnius, Konstitucijos pr. 12, LT-09308",https://www.registrucentras.lt/jar/p/dok.php?kod=111733421
ChIJtVPTvAaV3UYRRbF9ECNDf_A,305613280,"","","","",nightlife,fallback_website,fallback:primary_candidate+vmvt+website,confirmed,true,Sidro Istorijos: Pepinas,"Kauno g. 30, Vilnius, 03202 Vilniaus m. sav.",https://maps.google.com/?cid=17329643709024547141&g_mp=Cilnb29nbGUubWFwcy5wbGFjZXMudjEuUGxhY2VzLlNlYXJjaE5lYXJieRACGAQgAA,http://www.sidroistorijos.lt/,"MB ""Sidro istorijos""","Vilnius, Gedimino pr. 64-85A, LT-01111",https://www.registrucentras.lt/jar/p/dok.php?kod=305613280
ChIJeydZWRCU3UYRwFDXrxVUgrE,304314193,"","","","",nightlife,fallback_website,fallback:website,brand_site_code,false,Plus Plus Plus,"Gedimino pr. 9, 01103 Vilnius",https://maps.google.com/?cid=12790878343806800064&g_mp=Cilnb29nbGUubWFwcy5wbGFjZXMudjEuUGxhY2VzLlNlYXJjaE5lYXJieRACGAQgAA,https://www.plusplusplus.lt/,"UAB ""Pliusai""","Vilnius, Vytenio g. 43-3, LT-03208",https://www.registrucentras.lt/jar/p/dok.php?kod=304314193
ChIJjagFd5qT3UYRa6SfajzKce8,304314193,"","","","",nightlife,fallback_website,fallback:vmvt+website,confirmed,true,Plus Plus Plus,"Vydūno g. 4, 06204 Vilnius",https://maps.google.com/?cid=17253794008268776555&g_mp=Cilnb29nbGUubWFwcy5wbGFjZXMudjEuUGxhY2VzLlNlYXJjaE5lYXJieRACGAQgAA,https://www.plusplusplus.lt/,"UAB ""Pliusai""","Vilnius, Vytenio g. 43-3, LT-03208",https://www.registrucentras.lt/jar/p/dok.php?kod=304314193
