place_id,ja_kodas,verdict,auditor,audited_on,note,category,method_family,method,validation_status,place_name,place_address,maps_uri,website,legal_name,registered_address,lookup_hint
ChIJubSUHmyR3UYRLTy3wBeuCMU,123006255,correct,Rokas,2026-09-30,,auto,address_only,address_only,confirmed,H. Stankevičiaus autoservisas,"Fabijoniškių g. 20A, 07100 Vilnius",https://maps.google.com/?cid=14197789242326203437&g_mp=Cilnb29nbGUubWFwcy5wbGFjZXMudjEuUGxhY2VzLlNlYXJjaE5lYXJieRACGAQgAA,,"MB ""H. Stankevičiaus Autoserviso Įmonė""","Vilnius, Fabijoniškių g. 20A, LT-07100",https://rekvizitai.vz.lt/paieska/?name=123006255
ChIJmZBroZeW3UYRoAadGzzgjt4,304233695,correct,Rokas,2026-09-30,,auto,address_only,address_only,unverified,Anyfix,"Kanklių g. 11a, 10321 Vilnius",https://maps.google.com/?cid=16037001871878850208&g_mp=Cilnb29nbGUubWFwcy5wbGFjZXMudjEuUGxhY2VzLlNlYXJjaE5lYXJieRACGAQgAA,https://anyfix-autoservisas.blogspot.com/,"MB autoservisas ""Anifiksas""","Vilnius, Kanklių g. 11A-R1, LT-10321",https://rekvizitai.vz.lt/paieska/?name=304233695
ChIJVVgHAgCV3UYRsnVONV9drHc,125668396,wrong,Rokas,2026-09-30,This is the real one - https://maps.app.goo.gl/qAPQpyo2LGBC6mzF8,auto,address_only,address_only,unverified,Montažinė,"Savanorių pr. 139D, Vilnius, 03150 Vilniaus m. sav.",https://maps.google.com/?cid=8623370050005267890&g_mp=Cilnb29nbGUubWFwcy5wbGFjZXMudjEuUGxhY2VzLlNlYXJjaE5lYXJieRACGAQgAA,,"UAB ""JOLGENA""","Vilnius, Savanorių pr. 139D, LT-03150",https://rekvizitai.vz.lt/paieska/?name=125668396
ChIJAQBAgLqR3UYRsppQo75DpBQ,110900052,wrong,Rokas,2026-09-30,Business on google seems to be added by mistake - the real one is Mototoja with a lot more reviews - https://maps.app.goo.gl/S9vp4SCbVwEnkRJ56,auto,address_only,address_only,conflict,Automobiliai su garantija,"Ukmergės g. 425, 14190 Vilnius",https://maps.google.com/?cid=1487388263001922226&g_mp=Cilnb29nbGUubWFwcy5wbGFjZXMudjEuUGxhY2VzLlNlYXJjaE5lYXJieRACGAQgAA,http://www.autogarantija.lt/automobiliai-su-garantija,"UAB ""Mototoja""","Vilnius, Ukmergės g. 425, LT-12107",https://rekvizitai.vz.lt/paieska/?name=110900052
ChIJ2zJKYLqT3UYR2ybK-nd7_3w,126272318,correct,Rokas,2026-09-30,,auto,core_name,name_part+address,confirmed,Autvadita - Specializuotas servisas. BMW ir MINI automobilių remontas.,"Sietyno g. 8E, Vilnius, 04304 Vilniaus m. sav.",https://maps.google.com/?cid=9007053535003158235&g_mp=Cilnb29nbGUubWFwcy5wbGFjZXMudjEuUGxhY2VzLlNlYXJjaE5lYXJieRACGAQgAA,https://autvadita.lt/index.html,"UAB ""Autvadita""","Vilnius, Sietyno g. 8E, LT-04304",https://rekvizitai.vz.lt/paieska/?name=126272318
ChIJLUOdGLKW3UYRBltXyhEwAwA,225275440,correct,Rokas,2026-09-30,,auto,core_name,name_part+address,unverified,Bosch Car Service - Autovisatos servisas,"Verkių g. 34a, 08221 Vilnius",https://maps.google.com/?cid=897277897431814&g_mp=Cilnb29nbGUubWFwcy5wbGFjZXMudjEuUGxhY2VzLlNlYXJjaE5lYXJieRACGAQgAA,https://www.autovisata.lt/,"UAB ""AUTOVISATOS SERVISAS""","Vilnius, Verkių g. 34A-2, LT-08221",https://rekvizitai.vz.lt/paieska/?name=225275440
ChIJN2Dm8cOT3UYR2zTq_cWgYgs,308035369,correct,Rokas,2026-09-30,,auto,core_name,core_name+address,unverified,Revauto Autoservisas Vilniuje,"Platiniškių g. 6a, 06200 Vilnius",https://maps.google.com/?cid=820394854363837659&g_mp=Cilnb29nbGUubWFwcy5wbGFjZXMudjEuUGxhY2VzLlNlYXJjaE5lYXJieRACGAQgAA,https://revauto.lt/,"MB ""Revauto""","Vilnius, Platiniškių g. 6A, LT-06295",https://rekvizitai.vz.lt/paieska/?name=308035369
ChIJIXmK4kCV3UYRcHFMv0Im9O0,304695043,correct,Rokas,2026-09-30,,auto,core_name,core_name+address,unverified,Takumis autoservisas,"Savanorių pr. 123, 03150 Vilnius",https://maps.google.com/?cid=17146371749425475952&g_mp=Cilnb29nbGUubWFwcy5wbGFjZXMudjEuUGxhY2VzLlNlYXJjaE5lYXJieRACGAQgAA,http://www.facebook.com/takumisautoservisas/,"UAB ""Takumis""","Vilnius, Savanorių pr. 123, LT-03150",https://rekvizitai.vz.lt/paieska/?name=304695043
ChIJQytn_LqV3UYRL1kLdxpBGrk,304108994,correct,Rokas,2026-09-30,,auto,exact_name,exact_name,confirmed,MB Carsfera,"Šaltkalvių g. 60A, 02176 Vilnius",https://maps.google.com/?cid=13338044828333332783&g_mp=Cilnb29nbGUubWFwcy5wbGFjZXMudjEuUGxhY2VzLlNlYXJjaE5lYXJieRACGAQgAA,,"Mažoji bendrija ""Carsfera""","Vilnius, Šaltkalvių g. 60A-245, LT-02175",https://rekvizitai.vz.lt/paieska/?name=304108994
ChIJSRd8JxuR3UYRTM4HUCvXZmU,306087520,correct,Rokas,2026-09-30,,auto,exact_name,exact_name,unverified,MB Pauze,"Talino g., Vilnius, 05200 Vilniaus m. sav.",https://maps.google.com/?cid=7306764026481462860&g_mp=Cilnb29nbGUubWFwcy5wbGFjZXMudjEuUGxhY2VzLlNlYXJjaE5lYXJieRACGAQgAA,,MB Pauze,"Vilnius, Lazdynėlių g. 12-14, LT-04126",https://rekvizitai.vz.lt/paieska/?name=306087520
ChIJMylZqKWR3UYR2PGLh22_CI0,307118584,correct,Rokas,2026-09-30,,auto,exact_name,exact_name,unverified,AutoLyginimas Pro,"Prašiškių g. 53-11 korpusas, 14332 Vilnius",https://maps.google.com/?cid=10162583036307960280&g_mp=Cilnb29nbGUubWFwcy5wbGFjZXMudjEuUGxhY2VzLlNlYXJjaE5lYXJieRACGAQgAA,https://autolyginimaspro.lt/,"AutoLyginimas Pro, MB","Vilnius, Santariškių g. 115-3, LT-08465",https://rekvizitai.vz.lt/paieska/?name=307118584
ChIJ0f-5_DWR3UYR3CRZ-bg9_tU,302609914,correct,Rokas,2026-09-30,,auto,exact_name,exact_name,unverified,Autopupa,"Kalvarijų g. 159, 08313 Vilnius",https://maps.google.com/?cid=15419830038829802716&g_mp=Cilnb29nbGUubWFwcy5wbGFjZXMudjEuUGxhY2VzLlNlYXJjaE5lYXJieRACGAQgAA,,"UAB ""AUTOPUPA""","Vilnius, Ukmergės g. 186-27, LT-07170",https://rekvizitai.vz.lt/paieska/?name=302609914
ChIJK8iEqF6T3UYR6DqstTA8AKA,147557530,correct,Rokas,2026-09-30,,auto,fallback,fallback:website,single_source,"BestDrive Autokamera Vilnius | Padangos, Padangų montavimas, Automobilių servisas","Savanorių pr. 174, 03153 Vilnius",https://maps.google.com/?cid=11529281225972529896&g_mp=Cilnb29nbGUubWFwcy5wbGFjZXMudjEuUGxhY2VzLlNlYXJjaE5lYXJieRACGAQgAA,http://autokamera.lt/,"UAB ""Autokamera""","Vilnius, Savanorių pr. 174R, LT-03153",https://rekvizitai.vz.lt/paieska/?name=147557530
ChIJd2zhoLeT3UYRtEcUSEqb_NM,304779872,correct,Rokas,2026-09-30,,auto,fallback,fallback:website,single_source,UAB Roberumas BMWorks,"Šiltnamių g. 19, 04123 Vilnius",https://maps.google.com/?cid=15275254779473053620&g_mp=Cilnb29nbGUubWFwcy5wbGFjZXMudjEuUGxhY2VzLlNlYXJjaE5lYXJieRACGAQgAA,http://bmworks.lt/,"UAB ""Roberumas""","Vilnius, Girulių g. 20, LT-12123",https://rekvizitai.vz.lt/paieska/?name=304779872
ChIJXwYhRbiR3UYRNKGcu8GunKQ,122538045,wrong,Rokas,2026-09-30,Some of locations are franchise - this one definitely is - https://sc.bns.lt/view/item/svaros-broliai-keicia-veiklos-modeli-pardave-keturias-tuneliniu-plovyklu-fransizes-346375. Could not track down what the actual name of the company ise.,auto,fallback,fallback:website,single_source,ŠVAROS BROLIŲ bekontaktė savitarnos plovykla,"Justiniškių g. 145, 05269 Vilnius",https://maps.google.com/?cid=11861547665686569268&g_mp=Cilnb29nbGUubWFwcy5wbGFjZXMudjEuUGxhY2VzLlNlYXJjaE5lYXJieRACGAQgAA,https://svarosbroliai.lt/bekontaktes-savitarnos-plovyklos/,"UAB ""Švaros broliai""","Vilnius, Senosios Pilaitės kel. 7, LT-06229",https://rekvizitai.vz.lt/paieska/?name=122538045
ChIJafxI2vOR3UYRg9SxzfOuVjM,302997630,correct,Rokas,2026-09-30,,auto,fallback,fallback:website,single_source,"""Imexcom"" car repair shop (autoservisas).","S. Stanevičiaus g. 14a, Vilnius, 07127 Vilniaus m. sav.",https://maps.google.com/?cid=3699336506082710659&g_mp=Cilnb29nbGUubWFwcy5wbGFjZXMudjEuUGxhY2VzLlNlYXJjaE5lYXJieRACGAQgAA,http://imexcom.lt/,Imexcom UAB,"Vilnius, S. Stanevičiaus g. 14B, LT-07127",https://rekvizitai.vz.lt/paieska/?name=302997630
ChIJv_opVQWU3UYRy6Qhn3VSutU,302103607,correct,Rokas,2026-09-30,,hair_beauty,address_only,address_only,unverified,Vizavis,"Laisvės pr. 81, Vilnius, 06124 Vilniaus m. sav.",https://maps.google.com/?cid=15400712540881265867&g_mp=Cilnb29nbGUubWFwcy5wbGFjZXMudjEuUGxhY2VzLlNlYXJjaE5lYXJieRACGAQgAA,,"UAB ""Vizavi""","Vilnius, Laisvės pr. 81-42, LT-06124",https://rekvizitai.vz.lt/paieska/?name=302103607
ChIJ-4NUE9iT3UYRaLQA1hxgcEQ,120491910,correct,Rokas,2026-09-30,,hair_beauty,address_only,address_only,unverified,Satisa,"Viršuliškių g. 8, 05108 Vilnius",https://maps.google.com/?cid=4931547268936414312&g_mp=Cilnb29nbGUubWFwcy5wbGFjZXMudjEuUGxhY2VzLlNlYXJjaE5lYXJieRACGAQgAA,https://rekvizitai.vz.lt/imone/satisa_i_mereskevicienes_imones_grozio_salonas/,Individuali įmonė,"Vilnius, Viršuliškių g. 8-18, LT-05108",https://rekvizitai.vz.lt/paieska/?name=120491910
ChIJsTB-9XKV3UYRdv0MQ47DywI,305940887,wrong,Rokas,2026-09-30,"Real ""Nieko, ataugs, MB"" address is Vingrių g. 5B, Vilnius, 01307 Vilniaus m. sav.",hair_beauty,address_only,address_only,unverified,Grožioteka,"Olandų g. 50-116, Vilnius, 01211 Vilniaus m. sav.",https://maps.google.com/?cid=201469624125816182&g_mp=Cilnb29nbGUubWFwcy5wbGFjZXMudjEuUGxhY2VzLlNlYXJjaE5lYXJieRACGAQgAA,,"MB ""Nieko, ataugs""","Vilnius, Olandų g. 50-402A, LT-01211",https://rekvizitai.vz.lt/paieska/?name=305940887
ChIJI3XKOeyV3UYRm814YTedcDo,235964380,wrong,Rokas,2026-09-30,"Not a true address match, different city.",hair_beauty,address_only,address_only,unverified,Nagų ikona,"M. K. Čiurlionio g. 4, 03104 Vilnius",https://maps.google.com/?cid=4211038512775482779&g_mp=Cilnb29nbGUubWFwcy5wbGFjZXMudjEuUGxhY2VzLlNlYXJjaE5lYXJieRACGAQgAA,https://nagu-ikona.mytreatwell.lt/,"UAB ""Relaksana""","Kaunas, M. K. Čiurlionio g. 4-7, LT-44360",https://rekvizitai.vz.lt/paieska/?name=235964380
ChIJmZBbmUuR3UYRfdzTrjgv5W0,301815637,wrong,Rokas,2026-09-30,Real company's website is https://ertu.lt/. It's different location.,hair_beauty,core_name,core_name+activity,conflict,Estetikos studija-klinika,"A. Juozapavičiaus g. 9A-173, 09311 Vilnius",https://maps.google.com/?cid=7918787440298679421&g_mp=Cilnb29nbGUubWFwcy5wbGFjZXMudjEuUGxhY2VzLlNlYXJjaE5lYXJieRACGAQgAA,https://www.estetikosstudija.lt/,MB ERTU CLINIC,"Vilnius, Laisvės pr. 77-323, LT-06122",https://rekvizitai.vz.lt/paieska/?name=301815637
ChIJGTyTAXuR3UYRjJBGaZPcaMg,304736789,correct,Rokas,2026-09-30,,hair_beauty,core_name,core_name+activity,unverified,ZEBDA NAILS,"Eitminų g. 16-111, 12120 Vilnius",https://maps.google.com/?cid=14441034730848030860&g_mp=Cilnb29nbGUubWFwcy5wbGFjZXMudjEuUGxhY2VzLlNlYXJjaE5lYXJieRACGAQgAA,https://www.fresha.com/lt/book-now/zebda-v6041tld/all-offer?share&pId=939644,"MB ""Zėbda""","Trakų r. sav., Lentvario sen., Užukampio k., Draugų aklg. 3-2, LT-25143",https://rekvizitai.vz.lt/paieska/?name=304736789
ChIJN6MfTOWX3UYR2r-NiX2ZnIU,306331533,correct,Rokas,2026-09-30,,hair_beauty,core_name,core_name+activity,unverified,Enura Beauty Lab,"Kareivių g. 2B, 08248 Vilnius",https://maps.google.com/?cid=9627738867869007834&g_mp=Cilnb29nbGUubWFwcy5wbGFjZXMudjEuUGxhY2VzLlNlYXJjaE5lYXJieRACGAQgAA,https://www.facebook.com/enurabeautylab,UAB Enura,"Šiaulių r. sav., Kuršėnai, Parko g. 3, LT-81177",https://rekvizitai.vz.lt/paieska/?name=306331533
ChIJS6QhQKeW3UYRRwoemmxmSDc,120256848,correct,Rokas,2026-09-30,,hair_beauty,core_name,core_name+activity,unverified,Alanija,"09217, Tuskulėnų gatvė 15C, 09218 Vilnius",https://maps.google.com/?cid=3983546487037364807&g_mp=Cilnb29nbGUubWFwcy5wbGFjZXMudjEuUGxhY2VzLlNlYXJjaE5lYXJieRACGAQgAA,,"UAB ""Salonas alanija""","Vilnius, Tuskulėnų g. 15C-3, LT-09217",https://rekvizitai.vz.lt/paieska/?name=120256848
ChIJdXNt5r-T3UYRPQqwptLHtgI,305630098,wrong,Rokas,2026-09-30,"MB Tiesi apparently sells books looking by the EVRK code. Treatwell page list different address -  Vytauto g. 30, Vilnius",hair_beauty,exact_name,exact_name,unverified,Tiesi,"Vytauto g. 46, 01822 Vilnius",https://maps.google.com/?cid=195563341390809661&g_mp=Cilnb29nbGUubWFwcy5wbGFjZXMudjEuUGxhY2VzLlNlYXJjaE5lYXJieRACGAQgAA,https://www.treatwell.lt/salonas/tiesi/,MB Tiesi,"Vilnius, Vytenio g. 54-201, LT-03229",https://rekvizitai.vz.lt/paieska/?name=305630098
ChIJyaNk2q6V3UYRe-_ab9ftjks,305079086,wrong,Rokas,2026-09-30,"MB ""Meistras ir Margarita"" is a construction company",hair_beauty,exact_name,exact_name,unverified,Meistras ir Margarita,"Pamėnkalnio g. 28-2a, 01114 Vilnius",https://maps.google.com/?cid=5444550509087879035&g_mp=Cilnb29nbGUubWFwcy5wbGFjZXMudjEuUGxhY2VzLlNlYXJjaE5lYXJieRACGAQgAA,http://www.meistrasirmargarita.lt/,"MB ""Meistras ir Margarita""","Šiaulių r. sav., Kuršėnai, Ventos g. 71A-8, LT-81161",https://rekvizitai.vz.lt/paieska/?name=305079086
ChIJKdjj_oaT3UYRg2z_LYdBYJc,304744864,correct,Rokas,2026-09-30,,hair_beauty,exact_name,exact_name,conflict,"Grožio namai ""Imperija""","Gilužio g. 10, 06279 Vilnius",https://maps.google.com/?cid=10907790346339445891&g_mp=Cilnb29nbGUubWFwcy5wbGFjZXMudjEuUGxhY2VzLlNlYXJjaE5lYXJieRACGAQgAA,https://grozio-namai-imperija.mytreatwell.lt/,"UAB grožio namai ""Imperija""","Vilnius, Gilužio g. 10, LT-06279",https://rekvizitai.vz.lt/paieska/?name=304744864
ChIJPajheGOR3UYRO4pLYgISd5A,305734937,correct,Rokas,2026-09-30,,hair_beauty,exact_name,exact_name+activity,unverified,Šeimos grožio centras,"Rygos g. 46, 05272 Vilnius",https://maps.google.com/?cid=10409808865138543163&g_mp=Cilnb29nbGUubWFwcy5wbGFjZXMudjEuUGxhY2VzLlNlYXJjaE5lYXJieRACGAQgAA,http://www.seimosgroziocentras.lt/,MB Šeimos grožio centras,"Vilnius, Verkių g. 43-82, LT-09109",https://rekvizitai.vz.lt/paieska/?name=305734937
ChIJuxOR8-OV3UYRUlli6fOBaWU,307339974,correct,Rokas,2026-09-30,,hair_beauty,fallback,fallback:website,single_source,Reveka Devolskytė · Išlepinta,"A. Strazdelio g. 1, Vilnius, 02102 Vilniaus m. sav.",https://maps.google.com/?cid=7307514754977913170&g_mp=Cilnb29nbGUubWFwcy5wbGFjZXMudjEuUGxhY2VzLlNlYXJjaE5lYXJieRACGAQgAA,https://www.islepinta.lt/,MB Išlepinta,"Vilnius, Girulių g. 10, LT-12112",https://rekvizitai.vz.lt/paieska/?name=307339974
ChIJ9YQocsiR3UYRmAUAbQzDSN8,125355686,correct,Rokas,2026-09-30,"The company seems to have 24 locations in Vilnius:Basanavičiaus g. 2
Gelvonų g. 44
Justiniškių g. 27
Kalvarijų g. 103
Kalvarijų g. 27
Kalvarijų g. 57
Naugarduko g. 84
Ozo g. 25
Pergalės g. 42
Žadeikos g. 4
Sausio 13-osios g. 7
Sausio 13-osios 2-1
Savanorių pr. 25a
Savanorių pr. 247
Savanorių pr 31
Šeškinės g. 65
Šeškinės g. 32
Taikos g. 191
Ukmergės g. 308
Viršuliškių g. 30
Santaros g. 5
Žirmūnų g. 136
Parko g. 18
Didlaukio g. 80A

",hair_beauty,fallback,fallback:website,single_source,Vizija grožio salonas,"Santaros g. 5, 08409 Vilnius",https://maps.google.com/?cid=16089324126916838808&g_mp=Cilnb29nbGUubWFwcy5wbGFjZXMudjEuUGxhY2VzLlNlYXJjaE5lYXJieRACGAQgAA,http://www.vizijasalonas.lt/,"UAB ""ROJUMIS""","Vilnius, Žirmūnų g. 136-2, LT-09127",https://rekvizitai.vz.lt/paieska/?name=125355686
ChIJLZb3ljSR3UYRjrfxPfQH0xQ,125355686,correct,Rokas,2026-09-30,,hair_beauty,fallback,fallback:website,single_source,Vizija grožio salonas,"Didlaukio g. 80A, 08326 Vilnius",https://maps.google.com/?cid=1500551846437173134&g_mp=Cilnb29nbGUubWFwcy5wbGFjZXMudjEuUGxhY2VzLlNlYXJjaE5lYXJieRACGAQgAA,http://www.vizijasalonas.lt/,"UAB ""ROJUMIS""","Vilnius, Žirmūnų g. 136-2, LT-09127",https://rekvizitai.vz.lt/paieska/?name=125355686
ChIJP6wEBMuW3UYRuMsTSMNmJJk,125355686,correct,Rokas,2026-09-30,,hair_beauty,fallback,fallback:website,single_source,Vizija grožio salonas,"Žirmūnų g. 136, 09126 Vilnius",https://maps.google.com/?cid=11035057975878470584&g_mp=Cilnb29nbGUubWFwcy5wbGFjZXMudjEuUGxhY2VzLlNlYXJjaE5lYXJieRACGAQgAA,http://www.vizijasalonas.lt/,"UAB ""ROJUMIS""","Vilnius, Žirmūnų g. 136-2, LT-09127",https://rekvizitai.vz.lt/paieska/?name=125355686
ChIJU2LL6pmV3UYR_2qugXQFpa4,126000460,correct,Rokas,2026-09-30,Hotel also operates under same company,nightlife,address_only,address_only,confirmed,Astorija Aperitivo Bar,"Didžioji g. 35, 01128 Vilnius",https://maps.google.com/?cid=12584470731706755839&g_mp=Cilnb29nbGUubWFwcy5wbGFjZXMudjEuUGxhY2VzLlNlYXJjaE5lYXJieRACGAQgAA,https://astorijabrasserie.lt/astorija-baras/,"UAB ""Astorija Hotel""","Vilnius, Didžioji g. 35, LT-01128",https://rekvizitai.vz.lt/paieska/?name=126000460
ChIJ6ayVPf-T3UYRZmDg4_7VFe4,123637950,wrong,Rokas,2026-09-30,"Real UAB for all ""7 Fridays"" is single company ""Pikantiškas maistas, UAB"", company code 123833116, VAT code LT238331113",nightlife,address_only,address_only,conflict,7 Fridays Vingis,"M. K. Čiurlionio g. 102, Vilnius, 03150 Vilniaus m. sav.",https://maps.google.com/?cid=17155853646259314790&g_mp=Cilnb29nbGUubWFwcy5wbGFjZXMudjEuUGxhY2VzLlNlYXJjaE5lYXJieRACGAQgAA,https://7fridays.lt/,"Uždaroji akcinė bendrovė ""DISONA""","Vilnius, M. K. Čiurlionio g. 102, LT-03100",https://rekvizitai.vz.lt/paieska/?name=123637950
ChIJYTHI5xmV3UYR8z2vfuMXzSI,135012789,wrong,Rokas,2026-09-30,"Company ceased to operate, adress is in Kaunas",nightlife,address_only,address_only,unverified,EMENAI club,"A. Stulginskio g. 8, 01115 Vilnius",https://maps.google.com/?cid=2507686833365663219&g_mp=Cilnb29nbGUubWFwcy5wbGFjZXMudjEuUGxhY2VzLlNlYXJjaE5lYXJieRACGAQgAA,https://www.emenaiclub.com/,"UAB ""Jostė""","Kaunas, A. Stulginskio g. 8, LT-48317",https://rekvizitai.vz.lt/paieska/?name=135012789
ChIJnVU0gsyV3UYRPR2FDp-e1D8,306267721,correct,Rokas,2026-09-30,,nightlife,address_only,address_only,conflict,Pelėdos beer & snacks bar,"Panerių g. 41A, 03202 Vilnius",https://maps.google.com/?cid=4599475525432712509&g_mp=Cilnb29nbGUubWFwcy5wbGFjZXMudjEuUGxhY2VzLlNlYXJjaE5lYXJieRACGAQgAA,https://www.peledosbaras.lt/,"Nighttown, MB","Vilnius, Panerių g. 41A-101, LT-03202",https://rekvizitai.vz.lt/paieska/?name=306267721
ChIJB-bOERGU3UYRWUZGIdbATgE,302657097,correct,Rokas,2026-09-30,,nightlife,core_name,core_name+activity,unverified,Mojitos,"Totorių g. 11, 01121 Vilnius",https://maps.google.com/?cid=94224668135147097&g_mp=Cilnb29nbGUubWFwcy5wbGFjZXMudjEuUGxhY2VzLlNlYXJjaE5lYXJieRACGAQgAA,,UAB MOJITOS BARAS,"Vilnius, Bokšto g. 7-39, LT-01126",https://rekvizitai.vz.lt/paieska/?name=302657097
ChIJQ7xLbROU3UYRHUgAsAt6hxU,305281351,correct,Rokas,2026-09-30,,nightlife,core_name,core_name+address,confirmed,Endless bar,"Trakų g. 2, 01118 Vilnius",https://maps.google.com/?cid=1551342787268462621&g_mp=Cilnb29nbGUubWFwcy5wbGFjZXMudjEuUGxhY2VzLlNlYXJjaE5lYXJieRACGAQgAA,https://www.facebook.com/endlessbaras/,"MB ""Endlesas""","Vilnius, Trakų g. 2-3, LT-01132",https://rekvizitai.vz.lt/paieska/?name=305281351
ChIJJ4XR_BCV3UYR44cdp66Wibo,305235432,correct,Rokas,2026-09-30,,nightlife,core_name,core_name+activity,confirmed,Fiona kokteilių baras,"Pilies g. 6, 01124 Vilnius",https://maps.google.com/?cid=13441440239736162275&g_mp=Cilnb29nbGUubWFwcy5wbGFjZXMudjEuUGxhY2VzLlNlYXJjaE5lYXJieRACGAQgAA,,"MB ""Ragas""","Vilnius, Pavilnionių g. 53-29, LT-12144",https://rekvizitai.vz.lt/paieska/?name=305235432
ChIJrUDT_RiV3UYRuQJHY8KlNC4,301843736,correct,Rokas,2026-09-30,,nightlife,core_name,core_name+activity,conflict,Šernas pub,"Trakų g. 15, 01130 Vilnius",https://maps.google.com/?cid=3329468278841475769&g_mp=Cilnb29nbGUubWFwcy5wbGFjZXMudjEuUGxhY2VzLlNlYXJjaE5lYXJieRACGAQgAA,https://sernas.lt/,"UAB ""EDONAS""","Vilnius, Kalvarijų g. 276-10, LT-08316",https://rekvizitai.vz.lt/paieska/?name=301843736
ChIJuUB86-yX3UYRyxjiQERxg4o,306709844,correct,Rokas,2026-09-30,"One of several locations, not nightlife",nightlife,exact_name,exact_name,unverified,Loud and Fit,"Lakūnų g. 30, Vilnius, 09131 Vilniaus m. sav.",https://maps.google.com/?cid=9980945737143425227&g_mp=Cilnb29nbGUubWFwcy5wbGFjZXMudjEuUGxhY2VzLlNlYXJjaE5lYXJieRACGAQgAA,https://www.sokiaivilniuje.lt/,MB Loud and fit,"Vilnius, Garsioji g. 5D, LT-11306",https://rekvizitai.vz.lt/paieska/?name=306709844
ChIJeSRmay2V3UYRxmXJ0BJh0l8,305582059,correct,Rokas,2026-09-30,Bar closed by 2021 October,nightlife,exact_name,exact_name,unverified,Archyvai,"Visų Šventųjų g. 5, 01306 Vilnius",https://maps.google.com/?cid=6904687912152556998&g_mp=Cilnb29nbGUubWFwcy5wbGFjZXMudjEuUGxhY2VzLlNlYXJjaE5lYXJieRACGAQgAA,,VšĮ Archyvai,"Vilnius, Perkūnkiemio g. 13-91, LT-12114",https://rekvizitai.vz.lt/paieska/?name=305582059
ChIJM--F7D-U3UYR6rz7SKY1Shc,307177134,wrong,Rokas,2026-09-30,"""Betora, UAB"" - code 124996835, VAT code LT249968314",nightlife,exact_name,exact_name,conflict,Apuokas,"Subačiaus g. 6, 01302 Vilnius",https://maps.google.com/?cid=1678212799454231786&g_mp=Cilnb29nbGUubWFwcy5wbGFjZXMudjEuUGxhY2VzLlNlYXJjaE5lYXJieRACGAQgAA,https://www.facebook.com/BarasApuokas/,"MB ""Apuokas""","Vilnius, Pavilnio Sodų 20-oji g. 41, LT-11303",https://rekvizitai.vz.lt/paieska/?name=307177134
ChIJN-rCOhyU3UYRwoKj9zkrQsY,302511893,correct,Rokas,2026-09-30,,nightlife,exact_name,exact_name,unverified,Stars and Legends,"Konstitucijos pr. 12, 09309 Vilnius",https://maps.google.com/?cid=14286028495940453058&g_mp=Cilnb29nbGUubWFwcy5wbGFjZXMudjEuUGxhY2VzLlNlYXJjaE5lYXJieRACGAQgAA,http://www.starslegends.lt/kontaktai/,"UAB ""Stars and Legends""","Vilnius, Vytenio g. 6, LT-03113",https://rekvizitai.vz.lt/paieska/?name=302511893
ChIJS0oY8T-U3UYRl08lCxcJxl4,304484466,correct,Rokas,2026-09-30,"Seems to be the same company for ""The Portobello"" and ""In Vino"" - owner is ""Plantica, UAB"" code 304484466, VAT code LT100011091612
",nightlife,fallback,fallback:vmvt,single_source,The Portobello,"Aušros Vartų g. 7, 01013 Vilnius",https://maps.google.com/?cid=6829155879529828247&g_mp=Cilnb29nbGUubWFwcy5wbGFjZXMudjEuUGxhY2VzLlNlYXJjaE5lYXJieRACGAQgAA,http://www.facebook.com/ThePortobelloPub,UAB Plantica,"Vilnius, Dariaus ir Girėno g. 34, LT-02188",https://rekvizitai.vz.lt/paieska/?name=304484466
ChIJac74XQCR3UYR5xcndqVn4IU,305705191,wrong,Rokas,2026-09-30,"Real UAB for all ""7 Fridays"" is single company ""Pikantiškas maistas, UAB"", company code 123833116, VAT code LT238331113",nightlife,fallback,fallback:vmvt,single_source,7 Fridays Perkūnkiemis,"Eitminų g. 3, 12102 Vilnius",https://maps.google.com/?cid=9646824362177140711&g_mp=Cilnb29nbGUubWFwcy5wbGFjZXMudjEuUGxhY2VzLlNlYXJjaE5lYXJieRACGAQgAA,http://7fridays.lt/,Uždaroji akcinė bendrovė Pilies penktadieniai,"Vilnius, Pylimo g. 9A, LT-01118",https://rekvizitai.vz.lt/paieska/?name=305705191
ChIJoU1t9hWU3UYRPjAMS7FlvfU,303569369,correct,Rokas,2026-09-30,,nightlife,fallback,fallback:primary_candidate+vmvt,single_source,Smagus Raugas / Happy Brew,"Bokšto g. 8, 01126 Vilnius",https://maps.google.com/?cid=17707421122033365054&g_mp=Cilnb29nbGUubWFwcy5wbGFjZXMudjEuUGxhY2VzLlNlYXJjaE5lYXJieRACGAQgAA,https://www.facebook.com/SmagusRaugasB8/,"UAB ""Smagus raugas""","Vilnius, Olandų g. 10A-5, LT-01100",https://rekvizitai.vz.lt/paieska/?name=303569369
ChIJR99Cae2V3UYR2RIqSBl4hi8,301675046,correct,Rokas,2026-09-30,,nightlife,fallback,fallback:vmvt,single_source,Beer Garden,"Upės g. 6, Vilnius, 09309 Vilniaus m. sav.",https://maps.google.com/?cid=3424556616642073305&g_mp=Cilnb29nbGUubWFwcy5wbGFjZXMudjEuUGxhY2VzLlNlYXJjaE5lYXJieRACGAQgAA,https://www.baltastiltas.lt/,"Amber Food, UAB","Vilnius, Upės g. 9-1, LT-09308",https://rekvizitai.vz.lt/paieska/?name=301675046